{
    "gcp_organization_id": "organizations/417242621353",
    "gcp_group_org_admins": "gc-org-admin-grp@cswg.com",
    "gcp_group_billing_admins": "gc-org-billing-grp@cswg.com",
    "gcp_group_security_admins": "gc-org-security-grp@cswg.com",
    "gcp_group_all_users": "gc-org-users-grp@cswg.com",
    "gcp_org_boolean_policies_list": [
        "constraints/compute.skipDefaultNetworkCreation",
        "constraints/compute.disableGuestAttributesAccess",
        "constraints/sql.restrictPublicIp",
        "constraints/storage.uniformBucketLevelAccess"
],
    "gcp_org_level_folders": [
        "billing",
        "shared",
        "prod",
        "dev",
        "qa",
        "sit",
        "sandbox",
        "InfoSec"
    ],
    "gcp_group_org_admins_org_iam_roles": [
        "roles/resourcemanager.organizationAdmin",
        "roles/iam.organizationRoleViewer",
        "roles/resourcemanager.folderAdmin",
        "roles/billing.admin",
        "roles/resourcemanager.projectCreator",
        "roles/monitoring.admin",
        "roles/logging.viewer",
        "roles/compute.admin",
        "roles/storage.admin"
    ],
    "gcp_group_billing_admins_org_iam_roles": [
        "roles/billing.viewer",
        "roles/billing.costsManager",
        "roles/monitoring.viewer",
        "roles/logging.viewer",
        "roles/viewer"
    ],
    "gcp_group_security_admins_org_iam_roles": [
        "roles/orgpolicy.policyAdmin",
        "roles/iam.securityReviewer",
        "roles/iam.organizationRoleViewer",
        "roles/resourcemanager.folderIamAdmin",
        "roles/logging.privateLogViewer",
        "roles/logging.configWriter",
        "roles/compute.orgFirewallPolicyUser",
        "roles/compute.orgSecurityPolicyUser"
    ],
    "gcp_group_all_users_org_iam_roles": [
        "roles/resourcemanager.folderViewer"
    ]
}
