{
    "gcp_projects":[
        {
          "gcp_cloud_code":"gc-",
          "gcp_project_code":"test",
          "gcp_env_code":"dev",
          "gcp_billing_account":"011214-739287-C9DC4C",
          "gcp_application_code":"app",
          "parent_folder":"folders/23909933661",
          "gcp_project_labels":null,
          "gc_proj_standard_apis":["compute.googleapis.com","billingbudgets.googleapis.com"],
          "network_info_project":"",
          "gcp_notification_recipients":["gcp-security-admins@marsmelon.net"],
          "gcp_iam_permissions":[
            {
              "iam_roles":["roles/editor"],
              "group_email":"gcp-security-admins@marsmelon.net"
            }
          ]
        }
    ]
}

