{
    "gcp_organization_id": "organizations/425291474002",
    "gcp_group_org_admins": "gc-org-admin-grp@cswg.com",
    "gcp_group_billing_admins": "gc-org-billing-grp@cswg.com",
    "gcp_group_security_admins": "gc-org-security-grp@cswg.com",
    "gcp_group_all_users": "gc-org-users-grp@cswg.com",
    "gcp_org_boolean_policies_list": [
        "constraints/compute.skipDefaultNetworkCreation",
        "constraints/compute.disableGuestAttributesAccess",
        "constraints/sql.restrictPublicIp",
        "constraints/storage.uniformBucketLevelAccess"
    ],
    "gcp_org_folders":{
        "level_one":[
            {"parent_of_parent":"organizations/425291474002","parent":"organizations/425291474002", "childerns":["InfoSec-1","Billing-1","Core-1","Demo-1","Prod-1","Dev-1","Qa-1","Sandbox-1","Sit-1","Shared-1","Shared-2"],"projects":[]}
        ],
        "level_two":[
            {"parent_of_parent":"organizations/425291474002", "parent":"Shared-1", "childerns":["Monitoring-1","networking-1"],"projects":[]},
            {"parent_of_parent":"organizations/425291474002", "parent":"Shared-2", "childerns":["Monitoring-2","networking-2"],"projects":[]}
        ],
        "level_three":[
            {"parent_of_parent":"Shared-1", "parent":"networking-1", "childerns":[],"projects":["gcp-proj-nw-snprod-021","gcp-proj-nw-sprod-011"]},
            {"parent_of_parent":"Shared-2", "parent":"networking-2", "childerns":["shared-networking-2"],"projects":["gcp-proj-nw-snprod-0212","gcp-proj-nw-sprod-0112"]}
        ],
        "level_four": [],
        "level_five": [],
        "level_six": [],
        "level_seven": [],
        "level_eight": [],
        "level_nine": [],
        "level_ten": []
    },
    
    "gcp_group_org_admins_org_iam_roles": [
        "roles/resourcemanager.organizationAdmin",
        "roles/iam.organizationRoleViewer",
        "roles/resourcemanager.folderAdmin",
        "roles/billing.admin",
        "roles/resourcemanager.projectCreator",
        "roles/monitoring.admin",
        "roles/logging.viewer",
        "roles/compute.admin",
        "roles/storage.admin"
    ],
    "gcp_group_billing_admins_org_iam_roles": [
        "roles/billing.viewer",
        "roles/billing.costsManager",
        "roles/monitoring.viewer",
        "roles/logging.viewer",
        "roles/viewer"
    ],
    "gcp_group_security_admins_org_iam_roles": [
        "roles/orgpolicy.policyAdmin",
        "roles/iam.securityReviewer",
        "roles/iam.organizationRoleViewer",
        "roles/resourcemanager.folderIamAdmin",
        "roles/logging.privateLogViewer",
        "roles/logging.configWriter",
        "roles/compute.orgFirewallPolicyUser",
        "roles/compute.orgSecurityPolicyUser"
    ],
    "gcp_group_all_users_org_iam_roles": [
        "roles/resourcemanager.folderViewer"
    ]
}

